1.59374567299e+31, 2.65115568919e+19, 6.6325118035e+19, -8.29209058728e+19, 61.6091445915, 25.0780414793, 58.0406977246
1.37320461304e+31, -7.74104316359e+19, 9.391748553e+19, 1.07913307495e+20, 10.0066952673, 15.3067959607, 25.6439782494
1.70494172866e+31, -7.74842206101e+19, 2.36811994831e+19, 1.06391264843e+20, 1.74627464094, 63.9336183545, 5.67384852848
1.34955408207e+31, -6.29868089937e+19, -3.72535591497e+19, -1.51157752263e+19, 2.69148911141, 40.0289043455, 33.9820593452
3.19081187195e+30, -2.22432778031e+19, 8.6187215448e+19, -1.16981483941e+20, 29.6053504655, 10.6675806932, 23.5902521446
1.43538057437e+31, -5.09217729626e+19, 2.58247535502e+19, 7.2525390627e+19, 28.7147016492, 25.6205502456, 37.9158223857
2.00772161387e+30, -6.43506015064e+19, -5.8897093677e+19, -6.75027742498e+19, 47.5416866408, 40.3932624186, 22.6880685067
8.55854449978e+30, 4.63666676546e+18, -8.72379591871e+19, -9.67788594661e+19, 34.2338972958, 49.299023592, 62.7582971496
5.53829947612e+30, 7.22799220212e+19, -1.00016940938e+20, 1.060180171e+20, 10.862227185, 4.00660539361, 49.5457989676
7.06997070163e+30, -9.69015367879e+19, 2.95824389309e+19, -9.16226457993e+19, 51.7667942186, 38.0216875912, 12.6339443208
2.16114858156e+31, 9.92565405503e+19, -9.22467252054e+19, -9.56946351362e+19, 40.2433131369, 9.73601820225, 48.5984561462
2.30365091097e+31, 5.290301452e+19, -4.7433604542e+19, -1.90612107861e+19, 53.8757040449, 12.6469478171, 5.22486209631
2.8697693055e+30, -4.65108509495e+19, 8.11528757384e+19, -4.99961818957e+18, 61.4913356457, 54.452147437, 38.9817675994
2.6559927039e+30, -6.82971814705e+19, -7.48303799126e+19, -2.67153480008e+19, 8.72864275412, 47.1419835714, 27.3249294458
2.08330655937e+31, -1.07247276182e+20, -1.11270995383e+20, 8.64072874598e+19, 22.2559915008, 37.0925722918, 23.8415524057
1.7432510675e+31, -9.52677737366e+19, -1.13522969183e+20, 7.31797239697e+19, 8.44215223332, 2.36558858605, 40.4396702788
4.12197391921e+30, 4.0916069831e+19, 3.73132442434e+19, 2.67189326946e+19, 62.5747353461, 61.1732140203, 29.9266140325
1.95997271299e+31, -4.26275079497e+19, 7.32482243442e+19, -5.60840210788e+19, 25.8383562973, 15.9525467827, 54.3943998249
1.14660330718e+31, -4.66898914926e+19, 3.11926168084e+19, -1.06361766113e+20, 13.7543638812, 2.66586683484, 36.9320308357
1.52219727952e+31, -1.11258584429e+20, -5.17197156456e+19, -8.45866326959e+19, 14.7359651561, 11.7273748683, 6.98537526387
1.53252473449e+31, 4.53527500869e+19, -1.0572192235e+20, -9.34786593104e+19, 5.03572741911, 36.6734683289, 29.0680039219
2.07234599964e+31, 4.75685650568e+19, 3.65658778816e+19, -9.74953673313e+19, 3.56949162139, 56.0991915029, 25.7314819389
1.59993116446e+31, -8.69396178957e+19, -1.19743951896e+19, -3.54788106115e+19, 9.4732188617, 41.0518556006, 44.0458409946
1.52717130835e+31, 7.98225394499e+19, -7.5640640517e+18, 2.73236864045e+19, 1.2416972365, 15.1562789877, 57.5872569405
1.71170700628e+31, -7.63689429831e+19, -4.88462117232e+19, 2.38701168403e+19, 23.1204397329, 50.6990860646, 39.8795660692
8.0788619158e+29, 1.04034823283e+20, -1.08921597992e+20, -8.90869567969e+19, 33.9656890249, 19.9762739244, 27.714071289
1.27541701388e+31, -1.17394680381e+20, -1.00861529753e+20, -3.01512865627e+19, 40.5480028273, 55.8514038866, 62.419955016
5.84758226315e+30, -3.3461481409e+19, 8.1100065198e+19, 1.01128303887e+20, 43.5544616756, 47.3993902659, 4.82778558849
1.03511148746e+31, 9.42469944135e+19, 1.30800886716e+19, -8.31006796576e+18, 40.0352897835, 45.514677248, 35.3260661518
2.23785179865e+31, 1.00385761638e+20, -6.42506755737e+19, 7.26148993877e+19, 19.8257884837, 2.54319733702, 63.5565071672
5.7689746846e+30, 4.825546374e+19, -1.83842115737e+19, -9.58657600806e+18, 41.1478630446, 28.3739650897, 19.6143151916
9.01248046843e+30, 1.18178074182e+20, -7.62253517249e+19, -9.05635008955e+19, 45.5658761193, 30.5721909211, 25.9868317481
8.99287788963e+30, -3.11061693584e+19, -9.69509098851e+19, 1.13134265869e+20, 29.658862768, 39.5605962148, 6.69243446582
1.92371353176e+31, -4.72997004624e+18, 5.06289930984e+19, 9.80443017095e+19, 37.9167962054, 7.63060532033, 20.8256925244
1.79145818594e+31, 9.84620228287e+19, 6.50126242434e+19, 3.6751916784e+19, 51.1094094683, 45.0827818752, 58.764281952
2.33343609622e+30, 9.00813655847e+19, -7.76177952052e+19, 1.9769816106e+19, 2.82179107699, 28.08228508, 4.86841138934
2.34747622578e+31, -8.67971795424e+19, -1.08451757038e+20, -4.71939256478e+19, 30.8981701477, 15.7842040284, 22.0329921334
1.87043699908e+31, 9.20430048752e+19, 1.24699661625e+19, -9.16744208939e+19, 51.232935895, 0.717859409935, 59.9021392688
1.37556932799e+31, -8.31036784371e+19, 8.02618219747e+19, 3.85646800942e+19, 60.1899758722, 25.4904634939, 61.2456771377
1.74641648545e+31, -4.57561834519e+19, 1.02357720481e+20, 1.08126576275e+20, 20.5644403184, 23.6754700133, 56.1887607003
4.62960658432e+30, 8.43918090751e+19, -7.37647872877e+19, -4.00088019344e+19, 8.52975277953, 49.4500701364, 48.8296306781
1.13118258333e+30, -7.32534356116e+19, 5.09122248601e+19, -7.03551648036e+19, 28.5093482648, 7.63372875288, 35.4573757304
1.1108837464e+30, -6.33358096136e+19, -2.38930522033e+19, 1.0419863107e+20, 24.2602818247, 41.8488175299, 34.8836748817
2.21009291989e+31, -6.92550222258e+19, -8.03023418289e+19, -1.03606799895e+20, 6.99298217967, 25.2873108015, 30.4088331108
8.28790032858e+30, -1.1742587536e+20, -8.21761251706e+19, 8.09964813339e+19, 18.8233718263, 54.1956943362, 42.7197650666
6.54501262824e+30, 1.19716222504e+20, 1.09732887514e+20, -2.97067680853e+18, 44.2318314825, 7.51850000481, 25.2546931208
2.08302243665e+31, -5.98702833776e+19, -1.06589331734e+20, 3.24405324465e+19, 20.9458712651, 39.0120530657, 14.231020368
2.09045356781e+31, 3.54344652359e+19, -6.62878913181e+19, 9.99413549436e+18, 17.3411196845, 39.1200406713, 53.8906589193
8.04924699258e+30, 3.22944189546e+18, 9.11790602587e+19, -9.61705136071e+19, 49.4072601217, 47.7141442377, 33.7142642186
1.27538784452e+31, -8.23920976668e+17, 3.64380401066e+19, 9.79112691783e+19, 21.9669800151, 35.5324655393, 12.2764409244
4.66083316564e+25, -1.17107039134e+19, 6.14624320654e+19, -2.31948248771e+19, 34.3283092197, 114.453074312, 77.3971101863
7.76501348419e+25, -3.60925156622e+18, -7.77131472203e+19, -1.76641906822e+19, 71.6207562649, 48.2620018785, 36.094363053
9.97527556195e+25, -3.77800673317e+19, 6.9115657608e+19, -4.71326677424e+18, 53.3222282248, 7.49492773939, 99.6609433776
4.68081080502e+23, 1.86761827185e+19, -2.42971676926e+19, -9.14126856862e+19, 47.7355107541, 136.534919625, 128.80295694
8.63853261887e+25, -9.92946851266e+19, -1.13516228218e+19, 4.6759023787e+18, 7.26447702893, 11.8954927891, 108.768614297
3.16925161105e+25, 3.91359805564e+19, -9.36740915157e+18, 5.37312173474e+19, 52.4596177606, 44.982397049, 58.1493824288
7.89002501981e+25, -1.01431155944e+20, 1.19786518794e+20, -1.47595329745e+18, 83.0259333306, 119.208481833, 70.9370431381
9.62791294412e+25, 9.7551342617e+19, -4.86033695093e+19, -4.51156927003e+19, 58.7073240396, 53.6709234958, 148.789348573
3.91967313196e+25, 2.28590545474e+19, 1.94736926297e+19, -1.01600373967e+20, 149.661326897, 137.942369092, 114.595229013
1.24359037866e+25, -1.90010400162e+18, -4.04288465193e+19, 5.6998986969e+19, 121.641206926, 7.53836840582, 43.4637698705
9.83481230462e+25, -8.13820641605e+19, 8.88294768996e+19, -7.20814946866e+19, 124.79334046, 31.1657227804, 83.3665772255
9.07297731102e+25, 1.1017906851e+20, -8.02446427501e+17, -2.02343046923e+19, 141.881503198, 59.6371014196, 114.978183947
3.13450271846e+25, 3.68142908067e+17, -9.98025505152e+19, -6.34840404405e+19, 33.4304077747, 27.3459389648, 100.812967101
6.95298155128e+25, -7.07265162984e+19, 5.13478786096e+18, -8.05758271499e+19, 46.5744388374, 25.4217879358, 6.62754587343
7.58455491448e+25, 5.27060132584e+18, 4.09988744408e+19, -1.08090675811e+20, 22.5745303579, 66.1992109007, 33.9280874942
9.6799661071e+25, -9.5723243153e+19, 6.89330824644e+17, 8.76926423752e+19, 22.3600308266, 53.1286949257, 36.072295024
1.66824050862e+25, 3.47220398115e+19, 1.6938243201e+19, -5.12050474509e+19, 111.736048522, 100.365250387, 140.769708139
9.16285476136e+25, -1.43108551286e+19, -3.79612009417e+19, 9.37390386349e+19, 141.969956869, 72.5671119491, 53.0009782577
1.28973644896e+25, 7.19907347847e+19, -3.61924170152e+19, -1.14499082475e+20, 71.3625371163, 17.686430655, 44.1890917051
1.9966403747e+25, -6.86117197488e+19, -5.48592340399e+19, 9.27319480182e+19, 113.530222344, 64.0894225297, 73.6513886154
8.71624160644e+25, -7.96008084292e+19, 9.84847309337e+19, 8.47240370958e+19, 133.197287028, 14.9072105485, 83.3909359924
9.84214651241e+25, 4.9672914584e+19, -7.94466854884e+19, -7.7583883928e+19, 129.519365067, 119.864048084, 136.885742539
7.93927977127e+25, -5.76352296026e+19, -7.23703466364e+19, 4.09308674254e+19, 124.557812288, 115.499716894, 114.765448051
7.73532949535e+25, -4.01489566285e+19, 5.46276995676e+19, 2.59703784995e+19, 27.0801518208, 28.0788685722, 114.14088669
8.99759627026e+25, 1.0375907953e+20, -5.59956285185e+19, -1.09710554226e+20, 119.343023498, 59.3970230397, 144.175278117
9.3482960658e+25, 8.08511954677e+19, 3.840507045e+19, 2.95103633219e+19, 117.925905813, 60.0289824072, 106.309544261
8.77746738368e+25, -4.95448770282e+19, 5.57485855899e+19, 6.57755248351e+19, 126.597737035, 144.280286759, 138.691339382
4.50576198321e+25, -1.19734797958e+19, -4.72000634961e+19, 6.77494078654e+19, 29.6368951678, 99.900137285, 23.0974430619
5.07760338326e+25, -9.11906603754e+19, 5.33949892674e+18, -8.48809462042e+18, 119.155535882, 18.0416753371, 28.844992393
7.77538797478e+25, -3.68692654851e+18, -9.44351862085e+19, -9.7030134886e+19, 14.283631191, 77.7978618183, 139.652011189
1.08632724736e+25, 1.13422724755e+20, -2.3551995508e+19, 8.09300939302e+19, 18.729500205, 60.8563369569, 124.640270697
5.66560084464e+25, 5.01653833726e+19, -1.15438907859e+19, 2.40202628083e+18, 124.992146687, 135.380940988, 58.044807358
6.72344848117e+25, 3.72999962166e+19, 7.98474463922e+19, -5.9302639327e+19, 94.9726070462, 110.293575633, 37.4834544977
9.81100593504e+25, -7.51338575556e+19, -1.11565837108e+20, -1.5516821862e+19, 48.4934424682, 31.423682387, 88.8027895235
7.46567422244e+25, -6.85754205457e+19, -1.14024516015e+19, -6.89390311517e+19, 100.196853025, 43.3101574205, 97.150824184
7.96008481236e+25, -7.02152837136e+19, -6.43192079555e+19, -9.26718790263e+19, 60.2823844891, 42.3943246452, 119.649192072
9.02917600757e+25, -3.83118865899e+19, 6.70240969467e+19, -4.01245861396e+19, 123.825588886, 99.497467553, 81.012896916
2.97727638982e+25, -1.18812398907e+20, -1.01012312739e+20, -1.18158417083e+20, 90.4468581566, 102.062760522, 89.6711836054
5.3260176104e+25, 4.37135816342e+18, -9.98630242365e+19, -1.09665235991e+20, 22.4007796453, 126.258980106, 55.7738305876
7.22294431468e+25, 1.02631490065e+20, 1.13193987227e+19, 1.15189717191e+20, 136.547853679, 141.077273124, 73.6812048197
8.06916209204e+25, 3.71003704515e+19, 1.18396109725e+20, -5.06317926291e+19, 4.95612944248, 89.3854310736, 82.7250402411
8.24195375174e+25, -1.88065266398e+19, -8.71231772895e+19, -9.66948205629e+19, 49.6060998949, 23.0155844221, 129.424491963
9.61914986709e+25, -7.16728230708e+19, 4.52351628021e+19, -1.19157227041e+20, 10.367420032, 15.3399954488, 111.081750796
4.99514890001e+25, -3.66005441417e+19, 7.185865607e+19, -4.8459978047e+19, 17.1420820731, 82.2889443736, 91.1130638618
8.59370949626e+25, -1.02403779939e+20, -6.63333052657e+19, -1.17343726949e+20, 53.1525701714, 97.142087125, 20.7820349979
7.70479447774e+25, 1.13930202949e+20, 1.09137105034e+20, 2.83723525084e+19, 13.1801555865, 45.6919874243, 38.4848784563
3.73765780513e+25, 6.94460111639e+19, -4.59618716895e+19, 1.19922424324e+20, 134.294107524, 78.7677067385, 10.7549959726
3.90800481294e+25, 5.46400745928e+19, -5.17235050939e+19, -1.03013547875e+20, 17.6025613951, 72.5386659741, 138.440264004
7.66603761494e+25, -2.86841609416e+19, 7.96366317353e+18, -1.17019233114e+20, 7.78441436717, 33.0515915616, 73.2664795549
6.48077456761e+25, -2.14513563047e+19, 5.70085330986e+19, 1.77444560981e+19, 142.530753902, 105.640041401, 147.378391759
8.30642822611e+25, 3.57004045064e+19, -1.16241362986e+19, -1.05878313004e+20, 64.8901487252, 93.5598646204, 98.610109358
1.53110262965e+25, -1.02587954847e+20, 1.01022237963e+20, 7.38860949475e+19, 95.2237402581, 57.9544769814, 108.183864399
6.48143499209e+24, -1.00946338987e+20, -1.19969448229e+20, -1.71015854014e+19, 88.8145926267, 19.9689388965, 63.6850873369
8.72576035091e+25, -9.91175297176e+19, -6.80909725512e+19, -2.60278372303e+19, 128.697893679, 34.7557340141, 85.4042260603
1.27374761604e+25, -1.18772656471e+20, 5.21456699456e+19, -1.16895252405e+20, 96.5461124218, 122.263412058, 61.1294330855
7.47465885584e+25, -5.16248876481e+19, 2.41534305235e+19, 7.17528078445e+19, 110.317473233, 139.171744983, 94.7452594616
3.17879859158e+25, -1.19972155716e+20, -5.48242222716e+19, -1.0604737852e+20, 72.5710988, 137.012650694, 82.9815463032
8.20092450507e+25, -8.33236389934e+19, 3.24309127435e+19, 2.57615339345e+18, 30.1865759961, 44.6033523375, 25.1278678253
2.38413121389e+25, -4.71005876428e+19, 2.01297500641e+18, 3.48481081756e+19, 89.8394427693, 110.796589579, 85.409304318
8.01801919529e+25, -2.84911826941e+19, 2.78537547618e+19, -4.89931578599e+19, 126.898410281, 47.0750885726, 148.553436602
2.71451142037e+25, 5.06262416971e+19, -8.97195330303e+19, -1.15510321499e+20, 134.882994419, 42.7776173999, 84.3933381919
5.28669129725e+25, 4.95977768184e+19, 6.7773198199e+19, 6.36931498786e+19, 15.2947024857, 31.1995446761, 89.9082034664
1.13193265026e+25, 7.73061729911e+19, -9.70841861794e+19, -8.18824884069e+19, 29.7782954571, 147.901092819, 19.2717871492
8.25864019768e+25, -6.6036426332e+19, 3.1418410762e+19, -9.22485532024e+19, 53.2472254462, 116.709605238, 33.3773043434
4.14541636244e+25, 7.43528852322e+19, -1.09148776331e+20, -2.58517654664e+19, 127.943098204, 75.1091132643, 134.041084721
3.57408040785e+25, 9.14856395574e+19, 3.25486844698e+18, 1.78963990237e+19, 77.57481919, 54.1016427341, 145.952787281
2.21785888801e+23, 6.29330533134e+19, 1.07907585303e+20, -1.82876738545e+19, 100.968578133, 134.898535797, 110.319655325
6.45461980489e+25, 7.29265336108e+19, -9.12112509055e+19, 2.3403509327e+19, 61.3787897477, 106.24585547, 52.2072175677
6.90862998725e+24, 1.16960011253e+20, -5.25545806321e+19, 1.08781530021e+20, 97.1502017983, 66.3169201894, 61.0070752167
3.2001780279e+25, -5.09357611574e+19, -3.98001044347e+19, -1.13422435881e+20, 57.1463209582, 87.9488843306, 57.2955012567
8.97874010308e+25, 1.72676277591e+19, 4.18301235381e+19, 3.93891216233e+19, 95.0207535186, 87.7669427764, 133.60839667
5.83192651263e+25, -3.67574502813e+19, -5.88964839337e+19, 2.06748882426e+18, 64.2744654435, 130.289501265, 70.3689593645
4.44301139043e+25, -7.20769221014e+19, -5.66588311764e+19, -8.76291082535e+19, 46.5144324512, 99.2478383347, 25.769885565
3.93971917611e+25, -3.54345398641e+19, -1.10000420958e+20, -8.78119790862e+19, 86.1776281329, 148.982658382, 54.2699956836
3.59227901044e+25, 5.40213301572e+19, 4.49694973176e+19, -3.09651486001e+19, 62.9914876637, 94.3777226075, 139.114808777
6.77922991754e+25, 1.18899723758e+20, 4.32540035186e+19, -1.05802708409e+20, 41.0165671892, 143.048691865, 112.15841815
5.04133906945e+25, 1.10922648546e+20, 1.51203990425e+18, -8.89930389677e+19, 20.5411980026, 39.3827607105, 28.6226442097
7.96196346407e+25, 8.55253463657e+19, 6.13601242236e+19, -6.98460055113e+19, 48.5340504489, 127.338469384, 72.2062277315
1.57552001539e+25, -2.48897199276e+18, 9.43810190807e+19, 7.24823901431e+19, 135.152325358, 97.721022691, 136.953448761
4.25033635258e+25, -5.68256797994e+19, 5.00508707784e+19, -9.71651510487e+19, 101.027582954, 146.917235037, 106.573578519
7.66988027847e+25, 3.78285874043e+19, -7.91219785008e+18, -3.11837160643e+19, 89.3869198655, 138.750051781, 18.9040360206
6.30518363945e+25, 1.13971549176e+20, 4.39980298734e+19, 9.04541858937e+19, 59.0235773311, 49.1776509049, 97.5172359917
4.03115435448e+25, 9.17616957295e+19, -2.37466395707e+19, 9.25175077962e+19, 120.262707082, 34.6975128018, 69.5659600641
9.31332274325e+25, -8.23073320491e+19, 8.83293897525e+19, -5.40926445151e+19, 125.470633852, 34.2350422037, 96.7273890171
8.80099332535e+25, 8.13560987124e+19, 5.19936395069e+19, 1.18061703952e+20, 51.4184946948, 44.8084781565, 75.3143611377
1.69512097262e+25, -7.58415399348e+18, -6.67556601556e+19, 7.63736118085e+19, 43.8073945091, 148.590043126, 137.26490819
3.36893224942e+25, -4.80672294559e+19, -7.32897614402e+19, 6.79773612215e+19, 128.664986155, 35.1850102374, 42.3175847335
1.60547618971e+25, -3.65783985263e+19, 8.37165773159e+19, -5.03311613334e+19, 35.9003008313, 92.4906006768, 131.677043811
1.26370138593e+25, 1.09553788572e+20, -7.22982033709e+19, -1.17146037073e+20, 107.619046599, 18.8380206188, 145.92991693
7.42139381328e+25, -2.22066936919e+19, -1.15381301326e+20, -5.39599219898e+19, 8.22214595143, 8.83340235841, 129.694938861
3.99191846891e+25, -9.63967692164e+19, -5.11646794457e+19, 1.01631064541e+20, 91.0782927813, 87.3582063812, 13.2579970364
4.46474002465e+25, 2.18701151856e+19, -6.02156491805e+18, 8.48637490643e+19, 105.429689466, 74.7537713052, 70.9894317862
2.67176322565e+25, 4.72942069787e+19, -7.22091699155e+19, -1.97334526146e+19, 76.1053252191, 104.481625235, 89.2084154757
6.40756913575e+25, 4.75220874244e+19, -5.59533143627e+19, 1.55856128029e+19, 58.4837853376, 48.7158339577, 109.346291944
6.88598660075e+25, -1.78834878764e+19, -6.62399434249e+17, 5.73539427502e+19, 23.024202885, 40.8535978627, 100.9392802
6.76997057195e+25, 9.68983814145e+19, -4.08645883634e+18, 8.57956751853e+19, 12.2040912425, 99.2171999246, 110.802070739
3.38995556051e+25, 4.66040591352e+19, -1.05382227207e+20, -5.47555469019e+19, 31.2944234779, 135.09905499, 31.3067170536
6.51745237592e+25, -7.03870872304e+19, 3.63571175003e+19, 7.10562280379e+19, 75.5145740932, 113.234307528, 146.463293243
7.0787954503e+24, 9.93014069021e+19, -2.22318133194e+19, 4.91924697629e+19, 138.394976057, 79.349426702, 60.2934127901
6.30561875296e+24, -7.22285379045e+18, 2.49790436444e+19, -1.95063674088e+19, 144.021812042, 107.225386265, 49.7224669312
1.69729212758e+25, 6.12518701112e+19, -9.83916204711e+19, 3.66084357385e+19, 47.6049193209, 63.8722566426, 29.4246283952
6.49129130124e+25, 9.52160980826e+19, -2.37356306665e+19, 7.55579040817e+19, 148.406431666, 36.9891261827, 47.072094805
1.8395556465e+24, -1.96024241103e+19, -2.87132354102e+19, 7.34341913814e+19, 23.8583050954, 87.9735411778, 17.6986114236
3.33200581096e+25, 7.84399145862e+19, -6.27213428942e+18, 6.75854009032e+19, 135.361841039, 92.7683893751, 13.4495347088
5.25899574481e+25, 9.30497091611e+19, -9.34437222122e+19, 1.07402254946e+20, 32.1359995904, 98.0489436854, 44.0683414979
7.66381279016e+25, -7.30753071391e+19, 1.14680456657e+20, -1.88261568736e+19, 120.405719389, 111.673012134, 22.7633586571
6.21775968232e+25, 3.7462712247e+19, 5.15602512794e+19, 7.28310222204e+19, 103.685326564, 13.783864945, 56.5577077784
6.58768489136e+25, 7.88476585064e+19, -6.03691762105e+19, 2.14936211546e+17, 135.919506644, 68.618735312, 86.5358264458
5.57362522911e+25, 1.07693193192e+20, -2.89756358792e+19, -2.25848495585e+18, 34.2886452523, 27.7677991033, 29.9723328551
4.16137366911e+25, 4.2425661483e+19, 2.39065587827e+19, -1.10711526213e+20, 88.0215582134, 139.418836158, 7.52958941144
3.06535383353e+25, 8.98511696614e+19, -1.02808055697e+20, -1.00945420026e+20, 69.0157161769, 80.9066350937, 87.2491492422
7.72927994931e+25, 5.08727869306e+19, 4.64130791282e+19, -2.38388700089e+19, 108.615014111, 17.394252402, 13.8363972053
1.28861391724e+25, 2.79997692494e+19, 1.60762633397e+19, 2.0000004586e+18, 27.9014398399, 89.9627457522, 121.848955386
6.60897512276e+25, 7.06750758761e+19, 4.30872057051e+19, 1.18546149714e+20, 127.056810942, 42.6610945174, 45.2124670621
8.62253151014e+25, -7.51176859357e+19, -6.25719183033e+19, -6.91079363452e+19, 42.0858733699, 116.943472984, 85.0117585171
4.24805321e+25, 2.61053474975e+19, 4.13355119039e+19, 1.1793196574e+20, 128.161267341, 10.2057997841, 42.7917850057
6.04838435595e+25, -8.16677046634e+18, -1.04152766954e+20, -4.98058315652e+19, 89.3924723496, 85.4615874353, 147.772793679
7.95027592172e+25, 3.90077581692e+19, -4.74074242653e+18, 6.40307355933e+19, 20.5375423885, 130.685715785, 83.4793464379
5.48237085408e+25, -2.61190321145e+19, 1.18700414831e+20, 2.81607672424e+19, 77.227954131, 134.481892042, 34.3637936733
4.78588598155e+25, -8.01721958656e+19, 7.54303945472e+19, 4.15153126261e+19, 54.5670595514, 13.0108195292, 83.2696580123
1.36974376425e+25, -8.01590595138e+18, -1.19269352585e+19, 9.95022442126e+19, 139.068566655, 140.061324554, 35.5536050557
8.63936456831e+25, 2.62533805823e+19, 3.59871952757e+19, -1.08127366637e+20, 130.65859072, 148.443190779, 78.5374783139
6.8781832415e+25, 5.37392731543e+19, 7.30533338973e+19, 5.58751305529e+18, 15.0829185579, 148.356886511, 88.313922341
9.11083879123e+25, -4.17642415853e+19, -2.0627433648e+19, 7.49658909739e+19, 6.23869714204, 87.4125322771, 135.613123614
6.86649627521e+25, -1.0765136024e+20, 2.72143074068e+17, 1.00099635457e+20, 110.831450284, 86.6145447746, 137.415221149
3.60968562463e+25, 2.19008750717e+19, 4.6221716784e+19, 6.58734818171e+19, 149.605585056, 76.2353589046, 11.8523951466
4.91032147015e+25, -6.98652020556e+19, 1.03087081003e+20, 9.5237593416e+19, 54.0002505011, 81.391613169, 48.4257381229
5.12215654781e+25, 3.99310983471e+19, 1.09643311783e+20, 8.54114413402e+19, 139.715258617, 149.591495806, 66.6859175375
6.22207794339e+25, 1.69399537572e+19, -4.89479164777e+19, 7.49802892319e+19, 133.680035253, 4.9631885029, 116.211086786
3.55034926107e+25, -1.08018716349e+19, 8.76524055935e+19, 2.76754149995e+19, 24.8198060184, 146.431572893, 117.461007556
4.82518047455e+25, -6.97639280269e+19, -1.04242211774e+20, 9.22122393926e+19, 19.5825634643, 49.7234469087, 93.9028433155
4.82832920924e+25, -4.38203684547e+19, -8.80302816583e+18, -8.10560207644e+19, 96.1328500084, 103.253595321, 83.0835633761
5.50308445322e+25, -2.60214320675e+19, 6.22686763358e+19, -2.46917803405e+19, 15.7192765887, 103.733277942, 22.5919460677
6.80036175203e+25, -6.49400104365e+19, 4.10672299376e+19, 1.99617519465e+18, 89.7358315456, 136.265815971, 38.4651282296
8.60191333315e+25, 2.62931898284e+18, -4.15981517328e+19, 1.70376157888e+19, 123.02209302, 86.5531363296, 147.032637748
3.71202294627e+25, -7.59119810746e+19, 8.80427089893e+19, 4.12577114774e+19, 91.8256278108, 8.2613309503, 120.062030374
9.57602444084e+25, -9.94530698876e+19, 1.98153056389e+19, 1.19753896421e+20, 77.491195327, 118.483569279, 63.9187438529
3.82857279811e+24, 1.29689488216e+19, -2.87501823626e+18, -4.94746566331e+19, 104.958501064, 76.424767252, 102.51030924
3.08692317735e+25, -3.26948139922e+19, 1.08513299254e+20, 2.88766798819e+18, 139.689334478, 148.424757623, 18.8418892677
9.80975039043e+25, 5.26782211551e+19, -3.94125943982e+19, 2.19092323135e+19, 45.7580178174, 27.4130311486, 92.4341753093
2.31547496729e+25, -7.66660262708e+17, -1.05741520061e+20, -7.88771265232e+19, 124.67885451, 48.133794508, 68.5033391245
5.86247463971e+25, -3.76785529263e+19, -1.03913682028e+20, -1.11201784694e+20, 73.0073079105, 39.6983664088, 120.984743817
6.23846164904e+24, -5.71920922834e+19, 4.45919019166e+19, -1.08645842632e+20, 114.214520448, 41.447128869, 141.301271988
8.92184635815e+25, 1.15805438493e+19, 5.54205451619e+18, 4.31970193416e+19, 107.851320061, 126.650981625, 110.842483901
6.1481887295e+25, 8.62310618638e+19, -1.05640539136e+18, 1.19051695911e+20, 129.68635168, 81.5117841999, 38.7243848268
2.89315576399e+25, -5.42619920173e+19, -1.9249848226e+19, 8.72477134131e+19, 78.9893199693, 75.6998970934, 88.3411794294
2.42374819227e+25, 1.19657060069e+20, -1.00200801995e+20, 9.66042925328e+19, 81.7110647994, 132.011330659, 93.7676477007
5.8078936842e+24, 8.45204322625e+19, 5.92261521399e+19, 1.21329265666e+19, 40.3712525396, 137.084360299, 121.966936507
7.51304123167e+25, 5.38932307171e+19, 9.03050480433e+19, -8.84719769635e+19, 68.3718759643, 112.981214926, 73.4912314318
3.67475636197e+24, -2.21328472177e+19, 2.23598225446e+19, 5.56927086151e+19, 77.0579841351, 76.2437233029, 83.1450128126
3.43696446142e+25, -2.3072737779e+19, 9.62500342541e+19, 7.65812560971e+19, 33.4899162563, 108.569845682, 108.692376048
6.47195837982e+25, -7.52978412279e+18, -1.18068214638e+20, -8.80616407953e+19, 99.8277237754, 49.5292997631, 94.9734047737
6.68730482557e+25, -7.64003866306e+19, -2.11826929564e+19, -5.94204034907e+19, 129.498812105, 19.0573569684, 104.703925788
6.9951919892e+25, -6.64250836043e+19, -6.90143444514e+19, -2.85603341348e+19, 101.550003242, 79.7033621509, 104.973752617
7.21907008823e+25, -2.8334561455e+19, -7.71630021975e+18, -6.07030776382e+19, 52.2622389174, 105.591483637, 16.3811292795
9.71977526179e+25, 1.14556396949e+20, -1.13387521995e+20, -8.05391398203e+18, 88.4099046358, 129.118072423, 141.389657902
8.44680288045e+24, -8.48112131357e+19, 9.07209564444e+19, 1.13714812993e+20, 17.3082282546, 118.981131304, 16.2711358528
6.45607131456e+25, 6.96823265953e+18, -7.72652562857e+19, 2.27246559884e+19, 99.7987320592, 10.9890799452, 102.978585113
4.43175853858e+25, 5.41159492915e+19, 1.1757264889e+20, 4.26303351703e+19, 115.963748009, 124.294569835, 61.8911957267
3.99573051935e+25, -1.00754334448e+20, 2.43268460812e+19, 9.66846826625e+19, 129.74670884, 116.36453872, 80.6283341876
7.68543075537e+25, 8.27728099263e+19, 7.18423715845e+19, -8.85580906477e+19, 114.497602968, 17.9762412965, 101.497774676
5.96958915302e+25, -3.43784613949e+19, -1.13860792152e+20, -2.75179708883e+19, 129.849837122, 127.280358019, 67.3392859178
8.53172540917e+25, -3.53106835897e+19, 3.64442927163e+19, -7.58078866549e+19, 64.91332001, 105.287509379, 142.247984771
5.56011068663e+25, 4.98489920775e+18, 6.23698607017e+19, 1.13113392893e+20, 121.531044438, 95.9745073861, 116.133552148
7.47415948049e+25, 7.57396299117e+19, -2.85519340891e+19, 1.13107242498e+19, 25.7981509313, 143.800327083, 100.654965486
8.88410924899e+24, 1.06467624995e+20, 4.19089829103e+19, -6.78878728752e+19, 84.9886639602, 90.4164833484, 87.9001041301
2.68575206977e+25, 1.00200145418e+20, 3.74805924026e+19, -1.90703205553e+19, 100.899242148, 94.3633984402, 52.0059896666
2.69612114387e+25, -1.06688461745e+20, 7.74642133112e+19, 1.18940502545e+20, 4.6497452086, 75.8646729309, 15.4572668833
1.16210516e+25, -3.88299382145e+19, -4.01233264654e+19, -8.94822062166e+19, 11.6280128641, 73.7800324802, 124.391038842
7.50344576653e+25, -5.85630792199e+19, -1.12273855307e+20, 8.82878805782e+19, 115.912883311, 14.8293164112, 56.0469016859
4.52158014065e+25, 7.5154052552e+19, -1.23573795217e+19, 9.21085746533e+19, 17.635916555, 96.4224904694, 137.966741272
2.79946945408e+24, -1.11560498645e+20, 8.51092905972e+19, 9.49264280845e+19, 42.1692139818, 76.080691787, 55.9147384027
9.72203100086e+25, -4.51874046517e+19, 4.95510908131e+18, -5.96165526037e+19, 49.487050135, 24.3721948672, 47.433304479
7.50477919904e+25, -1.05695325791e+20, 3.88542362063e+19, -5.51283165367e+19, 16.5138107607, 55.224982522, 20.8285877421
1.88056378602e+25, 7.89238632148e+19, 7.41152620797e+19, -1.39782577123e+19, 111.225493373, 117.865963056, 91.4194880491
4.64355309707e+25, 8.4827622973e+19, 2.64756924881e+19, -8.97199480511e+19, 50.7045269822, 8.6822054296, 97.8137723011
3.88835242632e+25, -5.75072823747e+19, -1.76988797837e+19, 3.29272978331e+19, 146.744158078, 139.555409409, 46.6043570423
3.91496311338e+25, -5.36338278499e+19, -8.48886598348e+19, 2.94460763079e+19, 23.1147154445, 79.2562456684, 68.4293149934
4.41108711167e+25, 4.47507388609e+19, 5.88085644575e+19, 8.56155189688e+19, 125.90854778, 76.7070331583, 119.708072855
5.17043554006e+25, -8.36893968106e+18, -4.50823326215e+19, -1.01331036371e+20, 34.0263693747, 105.871700666, 96.4636227428
6.58179045423e+25, -1.029170991e+20, 8.19486410757e+19, 4.19118376601e+19, 132.151219691, 79.1886456379, 80.1398752775
9.09030559756e+25, 3.14407640677e+18, -7.22985530398e+19, -9.74310186799e+19, 140.616322606, 13.3704358276, 112.425629174
9.59000777438e+25, 7.09461268301e+19, -1.16356978792e+20, -5.48355553715e+19, 47.6233908486, 138.604129352, 54.807717663
6.37572173326e+25, 4.80693140847e+19, 4.99713662189e+19, 9.91720589361e+19, 8.33731204243, 85.7108461268, 110.563841967
4.06013741503e+25, -1.11675172807e+20, 8.89065423043e+19, 7.29693778206e+19, 84.2300776399, 57.7597398817, 77.7777520637
7.62091537419e+25, -3.01796206887e+19, -7.17787806517e+19, -2.52932127998e+19, 67.7238405493, 41.3682544618, 55.8079860551
6.70132955068e+25, -1.07836857352e+20, -6.48648385123e+19, -7.24935833436e+19, 111.669348214, 53.2195586556, 87.2806578868
9.66844637302e+25, -1.12275656111e+20, 6.54549264647e+19, -1.18921062943e+18, 144.568842927, 6.65360928366, 124.120918552
7.01992200249e+25, -1.18928325795e+20, -5.25522042517e+19, -5.97129318319e+19, 28.1638874223, 17.6265769145, 39.2561161494
9.63135579746e+25, -7.23356500346e+18, 4.26897269432e+19, 9.88090940801e+19, 46.3376532156, 112.35638789, 49.077923122
3.17374484201e+25, -4.79506695393e+19, -6.20179063589e+19, -1.23267793988e+19, 144.73661433, 93.4417293408, 67.1372829672
9.26331906086e+25, -1.08010523984e+20, 1.12963182839e+20, 8.83410855574e+19, 53.0026483463, 91.1689295754, 112.817735212
9.72704740542e+25, -3.63241553247e+19, -5.15890033956e+19, 2.2497556889e+19, 80.3216449025, 78.870599038, 40.6418120688
7.6942110755e+25, -8.8193406239e+19, -9.69086588294e+19, -1.18357821512e+20, 131.769540434, 38.5581194771, 32.9441996229
9.23289638379e+25, 1.91283185494e+19, -1.1953725307e+20, -2.27303925815e+18, 13.3784699626, 13.9844531025, 11.5322241602
3.80176562888e+25, 5.48117957728e+19, 4.36976146816e+19, 2.89887907531e+19, 77.828000532, 94.697795728, 47.1346076548
7.90093343567e+25, 2.53455872337e+19, 1.07336118226e+20, 1.15193095383e+20, 95.7580084647, 94.8238681692, 144.273566002
5.79594889467e+25, -6.3311008557e+18, -3.10420820495e+18, -4.51139449887e+19, 10.3632443087, 19.4405361656, 128.949911096
9.48494072518e+25, 8.18883220179e+19, -3.63913225545e+19, 1.77748924693e+19, 14.6372996108, 7.01611962073, 117.958239982
1.44214558539e+25, 7.98245059419e+19, -9.11243440042e+19, -2.93424527558e+19, 87.3983760371, 122.574264666, 87.5099080107
7.31680791145e+22, 3.86811792202e+19, 1.04111133494e+20, 1.45653396437e+19, 13.0278218609, 11.2708746958, 27.2892576547
5.24381092611e+22, 7.22116571342e+18, -9.29216018192e+19, -9.97122428516e+19, 13.6502338348, 27.6618206319, 13.5577952824
7.01284970289e+22, -6.58666728528e+19, 4.16362982957e+19, -5.3821617717e+19, 17.2553684371, 20.7366281013, 5.43278928375
1.38203094902e+23, 3.87763135907e+19, -1.50992267449e+19, 4.27239345218e+18, 20.5680431723, 22.0600318544, 9.2599800144
1.32711587061e+23, 7.3024787145e+18, -6.17360931721e+19, 1.67808717747e+18, 11.3069097242, 20.5375149534, 13.4977279833
5.58075178698e+22, -7.44745113409e+19, -1.32947046732e+19, -5.17750281384e+19, 15.3633785282, 20.913586317, 7.54287773936
6.28496833025e+22, -8.24689413221e+19, 7.34164661709e+19, 1.15024955557e+20, 24.7607937111, 25.8514548949, 23.4422080156
1.03774537714e+23, 1.96921117476e+19, -5.16014534335e+19, 4.39032200589e+18, 3.47414944436, 29.3452180884, 4.04531420653
1.12465336826e+23, -7.92717518251e+19, 6.58984973326e+18, -9.10519310687e+19, 26.0184973064, 14.6481460333, 11.1484539008
1.11186561388e+23, -4.44693102472e+18, 5.54486418369e+19, 4.99533478812e+19, 25.2343734397, 8.68593240214, 23.1935148263
8.90405236541e+22, -1.22156370137e+17, -9.24735254083e+18, 3.73406981935e+19, 28.1631072619, 11.7384441272, 25.2957578604
1.36816471231e+23, -4.6334223059e+19, -1.05614255117e+20, -8.19383686323e+19, 9.05378530102, 27.183071397, 3.58082903141
1.30676907413e+23, 3.78817245856e+19, 6.71151451593e+19, -5.65062739717e+19, 27.9041164068, 21.4823676805, 11.5953927976
9.39445310868e+22, -4.32280725858e+19, 7.27108494199e+19, 8.26431889204e+19, 22.8879502676, 17.0733526464, 23.4447819494
9.13083431415e+22, 8.79540908959e+19, -5.14541275167e+19, 1.18431140171e+20, 18.3645668649, 15.6393319146, 8.6469490553
9.02278354808e+22, -5.7595355684e+19, 7.71176448637e+19, -4.00717352256e+18, 8.10697432562, 29.942647444, 8.9652903536
1.14887657026e+23, 1.04855619504e+20, -9.77494757477e+19, 8.18157723003e+19, 12.1007405146, 5.30364648376, 16.8667615044
5.95403663506e+22, 1.63336752727e+19, 2.87066364965e+19, -4.98792361324e+18, 19.1474474363, 25.180167203, 11.7592223795
5.76072016875e+22, 2.77450837065e+19, -1.22351719684e+19, -1.11568212708e+20, 3.72348699705, 25.9610301601, 6.33445028019
8.90477172657e+22, 9.79355855496e+19, -3.92372613127e+19, 2.96863621401e+19, 5.46774148556, 29.5520341958, 9.96480828658
6.5137102061e+22, 8.58588759057e+19, 5.79886886008e+19, 9.12618356644e+19, 6.67520704419, 26.567214902, 19.7930094323
1.05103072178e+23, 1.14209459424e+20, 3.964934732e+19, -9.46192407367e+19, 14.9279805857, 9.8995308716, 6.96505233079
5.75195440742e+22, -4.73924613428e+19, -6.17830043983e+19, -7.91757432923e+19, 14.6758906846, 28.1677615596, 22.4658809213
6.04381176921e+22, -1.06132836261e+19, -8.15388218365e+18, 3.7354838385e+19, 19.3757662617, 18.7447853295, 22.7516444635
8.59476342015e+22, 7.25512974386e+18, 5.55295616938e+19, 5.10780391433e+18, 19.141226924, 17.4464232839, 18.2999134627
6.9605030959e+22, 7.53315728129e+18, 2.62387341113e+19, -2.89901472995e+19, 3.49299493064, 25.6346335405, 18.3970302619
5.77445858249e+22, 2.75830144877e+19, -7.19816185955e+19, -5.39188714374e+19, 8.5093793168, 23.4526667705, 14.9529543897
9.63483820383e+22, -6.11886986254e+19, 4.22471916166e+17, -1.82264786637e+19, 24.1774785088, 18.4974584127, 6.76674438914
7.04004794542e+22, -5.03489922116e+19, -3.61889208093e+18, -8.93933474165e+19, 20.2387262859, 5.44279736052, 18.1050600186
1.37293579714e+23, -8.48333008128e+19, -2.6119399738e+19, 3.69658915758e+19, 9.12691988864, 24.6993153359, 19.4916955977
1.27130465387e+23, -8.05934529306e+19, 8.99425763879e+19, -2.67519225401e+19, 21.6186934082, 10.5149464776, 26.6470447932
5.00745991172e+22, -8.47004211174e+19, 4.38965298693e+19, -1.19494305029e+20, 14.9992066816, 11.1388375636, 15.169380906
9.54096388217e+22, 2.48263280758e+19, 5.71787113192e+19, 7.3649978124e+19, 28.8841763389, 21.1280753737, 27.2868219092
1.08879886898e+23, -5.5208536234e+19, -2.22454616391e+19, 1.16368933982e+18, 28.3366412606, 17.7957828818, 28.065208469
9.15028716791e+22, 1.40471976608e+19, -1.70251735884e+19, 6.150895034e+19, 17.6428164387, 17.3321543111, 11.8792400672
8.55231663353e+22, 7.73573857947e+19, -4.61500013732e+19, -4.63381558306e+19, 19.7936542697, 9.89650231323, 29.4663845053
1.50582190852e+23, 9.48929272983e+19, 2.63958993684e+19, -7.76792003463e+19, 14.5001008467, 23.6372355918, 15.9051009922
6.96671090142e+22, -3.16847061535e+17, 7.54221697733e+19, 1.16662854845e+20, 4.63956659178, 4.07928102401, 7.96386271787
1.10706737615e+23, 5.42886765832e+19, -1.57072882698e+19, -7.3832087149e+19, 27.211353091, 8.72817777111, 5.94854119781
6.19041335922e+22, -2.06793244297e+19, -4.06456280795e+19, -5.09216742958e+19, 22.9920637877, 23.9354117025, 17.0085303772
1.22329690712e+23, 1.08915058102e+20, 2.21391240821e+19, -1.80980363665e+19, 13.6621284993, 7.60833245814, 5.20832397036
8.1630860092e+22, 6.01044301851e+19, 1.05606911418e+20, 9.64920775311e+19, 6.28863633333, 26.9626250424, 21.1706986498
1.15078718797e+23, -7.95555759125e+19, 1.19213274772e+20, 4.81317840701e+19, 29.8159770565, 9.85774426371, 8.16974259146
1.29698010066e+23, 8.04423803642e+19, -8.68685805221e+19, 1.15699945757e+20, 11.5467777557, 22.8200106973, 27.7308717219
1.51101322669e+23, -4.69900872839e+19, 7.49610657791e+19, -4.10682010505e+19, 5.49124258876, 13.480133664, 5.24529282188
8.22057309353e+22, -8.17761594601e+19, 8.23971708369e+19, -2.15157608319e+19, 25.4405352415, 21.2334414988, 14.301766889
1.53661655685e+23, 8.15783776531e+19, -6.18852336258e+19, 1.48348987323e+19, 8.97233517877, 9.63092791795, 22.5297081764
8.03277800508e+22, 2.55122885461e+19, -7.10676370322e+19, -5.95213129667e+19, 7.71270731521, 3.50335650591, 9.43960112513
9.439006969e+22, 9.66146940003e+19, 1.7202963147e+19, -1.03405644936e+20, 29.2859968016, 28.839510729, 23.8347478199
1.48274634971e+23, 6.73715188621e+19, -9.74460670908e+19, 6.68171078561e+19, 11.0541804236, 28.1262768587, 20.1711871842
1.02956085576e+23, -1.7462881779e+19, 2.31742254539e+19, -5.29020280638e+19, 29.0649612828, 17.1455581345, 6.11417720367
7.37612846858e+22, 2.70217521763e+19, 4.17691489022e+19, -3.67878946646e+19, 27.9458165185, 23.3383750247, 17.1478632628
1.47539925219e+23, -1.17309761339e+20, 2.61284190373e+19, 4.84643305773e+19, 7.26613066681, 24.5748467729, 27.2646889282
6.95243299973e+22, 9.16784988676e+19, 8.66464133101e+19, -9.04353979978e+19, 3.69489457185, 25.5309695881, 11.8577987435
1.16200036788e+23, -2.83958783737e+19, 2.11084654638e+18, -8.12609426265e+19, 21.042360803, 13.5739849621, 9.18779934733
1.42906169483e+23, -6.36639286428e+19, 1.23395192159e+19, -6.95610856294e+19, 6.84492205325, 25.4302532696, 5.15821071017
1.10537236305e+23, -5.03966316063e+17, 7.9890382117e+19, 1.98520643773e+19, 5.63776810845, 20.4487100727, 14.3678196103
9.60060909502e+22, -1.45946746455e+19, -8.67351796677e+19, 4.91214834221e+19, 9.72683830568, 4.4394134062, 8.45258539982
5.18227064836e+22, -1.23103608104e+19, -1.10720747439e+20, 1.17698113755e+20, 15.439681907, 21.823138232, 24.8615989796
1.55055921722e+23, 3.50716220829e+19, 8.70500316795e+19, -4.97796485204e+19, 16.4147322881, 9.4171647198, 26.4348643929
1.17366886466e+23, -1.17562704463e+20, -2.33634961648e+19, 1.05613940951e+20, 17.6479246027, 25.2951952638, 5.20389666386
1.23106881423e+23, 9.07113748095e+19, -5.6696418539e+19, 1.09953936776e+20, 11.9659106489, 5.41150761437, 4.70570865897
8.17663005753e+22, -6.9454695771e+19, -1.00871795396e+19, -5.04179230871e+19, 26.5736825434, 3.20066171435, 14.7095491141
8.19273279823e+22, 8.96158061694e+19, 1.00091234691e+20, 1.10764952192e+20, 4.65236430356, 18.5491074461, 13.837654094
1.19967770478e+23, -1.15471194976e+20, -5.66937917274e+19, 5.55822044496e+19, 13.4738973579, 14.4546067777, 4.10111241893
7.93972418751e+22, -7.95619768859e+19, -9.73796277828e+19, -3.03489975953e+19, 15.2090408477, 13.5480916562, 19.3485484757
1.3873695955e+23, -5.8500288008e+19, -6.24743604165e+19, -1.80201106777e+19, 18.3260343956, 24.2884004757, 5.58286920255
7.23611122611e+22, 1.17560624486e+20, 8.13591566614e+19, 1.00222641488e+20, 16.4456783508, 14.2141457878, 16.5692397308
1.4305883758e+23, -5.03300787881e+18, -1.06174382656e+20, -9.13651019938e+19, 8.85474132905, 26.6395846584, 5.35323124893
1.18415593428e+23, -6.80432053977e+19, -7.39322634037e+19, -4.48111273832e+19, 25.708507852, 4.59963674324, 5.69705084704
5.97408220827e+22, 1.00174009456e+20, 1.04920653041e+20, -6.07653228109e+19, 23.1380238692, 25.8283836924, 3.1503935038
6.21451466743e+22, 2.90220806723e+19, -5.69050295725e+19, 5.66838831538e+19, 21.5182973683, 10.8861712096, 9.95786564723
5.41281849003e+22, 2.26408514578e+18, -7.27566054998e+18, -4.73413851989e+19, 21.9852010527, 3.80252220768, 20.6750744125
1.45541005666e+23, 5.06291261049e+19, 3.37344880223e+19, 1.02110836168e+20, 4.84149405095, 20.0498884426, 28.9719456417
1.06322633029e+23, -3.72369271634e+19, 1.69271883677e+19, 7.18816815365e+19, 11.5886063681, 14.0379700874, 18.5646502282
5.20669665725e+22, 1.13070316493e+20, -4.96392169129e+19, 2.68155972118e+19, 11.3458822456, 18.019504388, 21.9935432921
9.57873677398e+22, -7.87419982928e+19, 1.02301293614e+20, -3.30357215567e+19, 24.4478835695, 21.9489830467, 22.2861383611
5.52391161552e+22, 2.7115174956e+19, 5.21555271444e+17, -5.0578505416e+19, 16.3278229194, 8.3418317704, 15.4384702075
1.27774176382e+23, -2.44683811956e+19, -8.99578804155e+19, 1.06461598612e+20, 12.018187107, 13.9723978979, 8.39775231509
8.35747861078e+22, 7.17869227502e+19, 8.18445296602e+19, -1.05984320796e+20, 6.65933909846, 3.74573749731, 9.05762360429
7.65066917843e+22, 7.95859734728e+19, -8.99862568457e+19, -1.11056805447e+20, 21.6867976316, 13.9735431124, 11.9918376154
1.22413801816e+23, 7.30633447664e+19, -2.06329670196e+19, -6.32875799711e+19, 23.8114567955, 5.06840546625, 18.3153103588
1.39149364416e+23, -5.94486629428e+19, -5.18370272818e+19, 7.21609175251e+19, 21.0837566119, 24.4239784587, 10.2012298262
1.33863063258e+23, -2.89953143638e+19, -1.11278039902e+20, -1.03917128748e+20, 29.7829451991, 12.5462951064, 14.4196211237
5.82797153237e+22, -4.13619829066e+19, 1.0675606163e+20, 4.60864434262e+19, 12.5995297576, 4.14268034106, 5.91460559066
1.05619058534e+23, -2.00267593965e+19, -2.84338971897e+19, 4.0789523e+19, 11.0951100307, 11.7665415296, 19.8459597034
6.18448176782e+22, 7.6608759261e+19, 1.32122460449e+19, -8.6049961228e+18, 6.83225616119, 23.2941075301, 4.79571686804
8.82791511142e+22, 8.84519935368e+19, -5.70762859567e+19, 1.55099793475e+19, 21.6058433417, 23.3136570556, 19.7113261064
9.06809412968e+22, -3.42335920128e+19, 9.96600076589e+19, -1.18267048593e+19, 13.5617809838, 19.3776614531, 10.8303581182
1.22009171481e+23, -1.86680753092e+19, 2.00831179009e+19, -1.01487321304e+20, 29.8118644506, 5.61239061905, 20.7600229298
1.17259206891e+23, 7.25842173936e+19, 4.79936131039e+19, 5.16662464125e+19, 6.73119813221, 26.6663104452, 26.8278021025
6.86304460651e+22, -8.1956348348e+18, -3.282466755e+19, -8.6100927616e+19, 19.3958381458, 27.3057893862, 10.0073954947
8.32816457911e+22, -2.81507443961e+19, -8.15194979599e+19, 1.07910513568e+20, 9.28500581509, 5.84148524493, 18.8971688936
7.92268769665e+22, 4.30010086035e+19, -1.02008685202e+20, 6.35355309711e+19, 7.68785009963, 26.5867646911, 4.5994767351
5.33765793502e+22, 1.59784786942e+19, 7.08396637122e+19, -1.18636879828e+20, 9.77007721391, 6.17143032933, 19.4562256734
5.84276824186e+22, 6.53885370039e+19, 4.89783668431e+19, 8.85447764086e+19, 17.4344372189, 17.68984359, 28.2796572684
7.59030188555e+22, -5.38814807711e+19, -3.64718487869e+19, -6.5962151188e+19, 22.1009455088, 16.8629888203, 26.2321329964
1.27596856325e+23, -8.37910944372e+19, -3.97141951495e+19, 4.57941618615e+19, 12.4816515471, 25.574523912, 23.390411472
9.50321410343e+22, -9.72572128002e+19, 8.16813643095e+19, 9.5849748924e+19, 6.51496045412, 8.46678344301, 8.2007909616
8.58838912379e+22, -8.16285070934e+19, -3.1580876242e+18, -1.78442084284e+19, 23.1164779533, 27.7555832911, 25.6034918632
8.34473734866e+20, 9.89674926953e+19, -1.0378272596e+20, 1.8360531934e+19, 135.455385921, 185.034910883, 413.145699464
1.24746754366e+20, 3.27866738388e+19, 7.48524088211e+19, -2.24393995531e+19, 297.637798737, 488.136411709, 76.099516625
8.28443088091e+20, -9.07798555464e+19, -4.31192205887e+19, -6.81981705699e+19, 308.289567686, 526.022629199, 194.281982077
8.80511014811e+20, -7.1442939988e+19, 9.36375034344e+19, 9.78225506862e+19, 411.10797931, 543.634835503, 14.8044524653
1.92406489683e+20, 6.19119223909e+18, 4.50885950253e+19, -8.52247121171e+19, 481.652059888, 316.419070065, 213.960056054
3.05356025864e+20, 2.8323233694e+19, 8.72213852724e+19, -7.17558051173e+18, 292.994041186, 253.087270373, 530.831835865
1.2761616996e+20, -3.57864875543e+17, 5.83155633211e+19, 7.04021608031e+19, 108.156089994, 244.425759785, 121.434513878
3.1963067747e+20, -1.09202859147e+20, -8.35174538042e+19, 1.14578460052e+20, 590.995731403, 494.455687456, 49.6555025918
3.88374952487e+20, 3.85183869995e+19, 9.13831188963e+19, 1.71919996905e+19, 558.804481005, 576.925944505, 277.700008053
1.59422851421e+20, -5.86754350508e+19, -8.11221653911e+19, 1.14429106159e+20, 23.0411749631, 442.064411946, 605.079622414
5.04509943103e+20, -1.1198472928e+18, 7.04369514266e+19, -6.4520529149e+19, 500.858742238, 15.5666307376, 463.963094323
2.32031394579e+20, -6.67529847279e+19, 7.35132485558e+19, -7.16608736482e+19, 155.537633517, 141.360865947, 369.768220379
3.33795591578e+20, 2.19281243648e+19, 4.48722507506e+19, -2.05767160868e+19, 538.197155467, 18.0370387738, 26.7820689065
6.76878191602e+20, 6.08496761428e+18, -8.71454753388e+18, 1.60110185293e+19, 104.454814587, 480.610208825, 235.930706802
3.17043051546e+20, -1.0858576661e+20, 7.46560216614e+19, 1.09891267538e+20, 27.5336760869, 591.089013667, 326.851041239
1.92909348198e+20, 6.97349304677e+19, -9.6398324046e+19, 9.58536221283e+19, 315.66784086, 560.789937335, 173.182421054
1.92412672805e+19, -2.79708111855e+19, 1.0682577218e+20, -2.49209626932e+19, 215.433882812, 417.26067814, 478.833528483
2.23057377714e+20, 5.72907533945e+19, 7.35628173951e+19, 1.86684260942e+18, 582.883798457, 344.77049773, 394.558165735
5.94654636185e+19, -1.06565425035e+20, -6.45525018917e+19, 3.81511623501e+19, 430.368002908, 79.4280588053, 54.4257949753
8.63643677657e+20, 3.64139998806e+19, -9.22763037546e+19, -3.4376453779e+19, 113.078518604, 88.2553553202, 238.032280222
6.72877871906e+20, -9.26096234489e+19, 9.08936838697e+19, 3.15752927132e+19, 444.806102555, 578.451326819, 26.5897727868
3.15830416945e+20, 5.58151743244e+19, 3.58440591359e+18, -9.73082965903e+19, 585.525545925, 560.991396787, 164.751218234
2.89340639812e+20, 8.74604948299e+19, 1.070173411e+20, 4.90934378847e+19, 587.720471877, 176.524255861, 244.114517363
9.63511361484e+19, 1.05589241376e+20, -8.43977345437e+19, 9.22478322747e+19, 491.951513658, 468.999233094, 462.663572817
3.81739533129e+20, 3.99823715564e+19, 1.93947436379e+19, -2.25398140047e+18, 113.60879223, 113.587044088, 217.197833414
7.44726445068e+20, -7.02244968989e+19, 8.84059180406e+19, -9.94475848189e+19, 51.3929012313, 531.454502779, 99.1563609877
1.88883175359e+20, 8.58929214548e+19, 5.07299001741e+19, -1.06724171737e+20, 153.471389204, 422.463459995, 336.114059313
5.21166020812e+20, -7.10700768087e+19, -1.14903943762e+20, -7.83852885337e+19, 270.414109389, 235.350594084, 175.725857294
5.16497443824e+20, 7.56147102572e+19, 3.79149936154e+19, 5.34790964829e+19, 455.655837735, 186.369081943, 131.075615873
9.77662119373e+19, 1.89222771356e+19, 5.9703888688e+19, -6.44493500735e+19, 217.431943082, 116.03082518, 335.756778297
1.79705828426e+20, 7.89910908987e+19, 1.17182530456e+20, -2.06844579926e+19, 269.23109303, 321.348473814, 592.502711912
3.9585112162e+20, -1.0006521574e+20, -7.5455210759e+19, 9.76271042019e+19, 296.78354797, 474.018776624, 460.956296874
5.97390342563e+20, 5.02996367594e+19, -5.42093157115e+19, -8.94309339303e+19, 104.907100557, 188.342099872, 309.429157008
5.14710910162e+20, 4.21177388045e+19, 1.11299532197e+20, 2.31962058532e+19, 73.5772646142, 38.958524645, 627.767832765
5.92373106969e+20, 3.11005657125e+19, -6.64182842413e+19, -3.89045307936e+19, 244.842081554, 429.201773753, 367.292351541
1.50256080924e+20, -6.18612418366e+19, -3.35212675446e+19, 8.27657211218e+19, 589.147930556, 25.914261863, 581.198345979
4.34697434105e+20, -5.81562535943e+19, -7.45958821835e+19, -9.97541096587e+19, 465.098706572, 246.336297993, 173.036105623
7.82399153456e+20, 7.19130322446e+19, -5.95174273903e+19, -1.03311679482e+20, 575.96817368, 77.826286065, 24.9579954834
7.35076885827e+20, -6.75186121464e+19, 8.52153487127e+19, 9.97275104195e+19, 382.920567796, 297.003644879, 97.4251017733
6.83455033326e+20, 6.32345826824e+19, 9.59502549377e+19, -6.54447966373e+19, 305.062441059, 36.8337306573, 99.016907958
3.14601351885e+20, -2.99328719753e+19, 5.84011110595e+19, -3.41962306886e+18, 118.775374296, 392.632152868, 460.26161452
1.61644094987e+20, 2.80300721201e+19, 1.13577662597e+20, -7.92505349392e+19, 182.848847078, 11.2614756402, 78.120380774
5.7911050421e+20, -8.04531245899e+19, 1.6157956448e+19, -1.06074101829e+20, 80.2880913907, 389.54089899, 419.133070515
7.94031350558e+20, -3.79889667605e+19, -1.35015506547e+19, 5.41480545655e+19, 132.689626069, 255.486316391, 31.5431412937
2.02906541014e+20, -6.74240509318e+19, -2.69789268543e+19, 2.67081434528e+19, 159.885842151, 67.0651139014, 421.166505148
5.95566466669e+20, -4.34083047771e+19, 7.16710033068e+19, 3.20119500311e+19, 431.688890252, 224.788687404, 541.38794997
1.57752197644e+20, 1.14304025658e+20, 4.48120030807e+19, -2.33724155274e+19, 498.585506682, 241.788036967, 389.69256775
7.61556146753e+20, -1.95305409374e+19, 5.29210784529e+19, -1.70577788006e+19, 416.431721416, 129.683443664, 254.05209728
2.77035690674e+20, 2.42315996203e+19, 1.11677370851e+18, 7.82727921023e+19, 69.0683608454, 74.1852340182, 445.291544749
2.00336586616e+20, 5.19817663272e+19, -4.64209263583e+19, 9.53327073123e+19, 21.2409697186, 562.105435823, 511.280830908
2.7958691831e+20, 9.17241739448e+19, -9.74896746918e+19, 7.10786531127e+19, 57.6792007149, 108.028209334, 346.616135704
5.46231732599e+20, 7.77764908019e+19, 8.40178848207e+19, -3.33009247843e+19, 97.1144543198, 426.928225957, 275.059676398
5.95506853617e+20, -8.23509879054e+19, 6.16609038025e+19, 4.10375782973e+19, 126.286512247, 237.110087631, 366.315843741
3.29249319965e+20, -6.94976767796e+19, 6.04224951516e+19, 9.21239788747e+19, 218.362002572, 595.618389681, 612.074130677
8.76277992953e+19, -4.83212762893e+19, -1.12820401419e+20, 8.15336794253e+18, 332.352816752, 113.918591956, 240.811509667
4.37704071674e+20, 1.18517855998e+20, -1.08957378089e+20, -6.15503199951e+19, 301.3578444, 43.942305366, 171.753930452
5.63154530878e+19, 9.28823162994e+19, -5.97330782198e+19, -9.64150650533e+19, 12.7640513624, 247.478575461, 204.385185745
2.46350131347e+19, 6.81513412473e+19, -6.02284600871e+18, 8.88336527153e+19, 297.403186463, 49.7140022462, 151.387127117
7.08396364926e+20, -7.38900715957e+19, 7.96192390859e+19, -3.37948274099e+18, 307.550133414, 459.741627177, 343.390930895
8.39707319261e+20, -1.57509225191e+19, 5.26702509761e+19, -9.65003432797e+19, 556.823979556, 92.7624800745, 359.192652296
4.96899308275e+20, -7.3327333328e+19, 5.12552325433e+19, 4.92676346496e+19, 593.002273676, 91.125596455, 214.115794636
5.61029090068e+20, 3.53028500641e+19, -2.21823472248e+19, -7.86872933498e+19, 69.0387583793, 174.73104075, 301.161450263
6.62366220654e+20, 1.18342800706e+20, 3.53011948343e+17, -4.71470289149e+19, 387.85363147, 467.325772007, 74.4090158058
2.26448467335e+20, -6.78779580429e+19, -3.70610099563e+19, -8.5613035204e+19, 94.2651115518, 385.415764939, 301.883193046
8.87403885522e+20, -8.41287477741e+19, -8.02355400426e+19, -1.48420171634e+19, 139.389349308, 235.333037407, 268.88197025
1.30610936225e+20, -5.39934940125e+19, 9.37194907403e+19, 8.01062640184e+19, 76.1469816271, 384.222360332, 296.689062248
7.36123211715e+20, -1.19431289101e+20, -2.87045518433e+19, 9.2299475481e+19, 565.659724253, 563.347686069, 295.800746032
5.60464313238e+20, 2.01562658332e+19, 1.02062507298e+20, 4.79916052252e+19, 513.0225791, 556.174014824, 154.075924575
1.12670403431e+20, -4.14880876851e+19, 6.63984912397e+19, 1.42515768084e+19, 108.55631887, 380.483090905, 181.745633408
7.68464308519e+20, 1.00229641959e+20, -3.84607291032e+19, -3.09627238809e+19, 495.415319103, 431.349034297, 141.117392376
3.0836037604e+20, 2.76170616161e+19, 4.62838883804e+19, -1.16002551295e+20, 333.11007395, 28.7293859811, 468.518938138
2.57962956581e+20, -5.47128122132e+18, 7.2422229003e+19, -8.25234646452e+18, 26.7588434087, 13.8400441001, 582.494630265
1.8640891001e+20, -3.6864599574e+19, 8.29312211884e+19, 1.07411207257e+20, 610.484354114, 233.360643538, 60.7076138647
2.91979193397e+20, 9.22046825451e+19, 7.99634616468e+19, 2.0364099341e+19, 609.655086445, 120.534267807, 56.7202218478
1.21843368205e+20, 3.66252445435e+19, 9.98611483833e+19, -7.79583133914e+19, 90.1499411952, 262.229418783, 398.153102628
4.12996295274e+20, -2.6497473305e+19, 1.5583214612e+19, -5.09616032326e+19, 237.348013812, 334.372411863, 444.196970371
4.37886281095e+20, 4.96880637308e+19, 4.82445749891e+19, -1.20661310802e+19, 210.441799589, 302.260914485, 358.729040781
8.55604400634e+20, -4.15276581279e+18, 7.59697383037e+19, -5.21118902061e+19, 542.931492197, 20.2592232898, 508.417841902
3.62464605891e+19, -3.10638261026e+17, -6.4380372825e+19, 7.80742069026e+19, 436.837793347, 367.556368814, 537.34866861
2.73583416001e+19, 1.15316790206e+20, -7.09444516282e+19, -1.06534428576e+20, 120.778362066, 69.9841316947, 382.348264665
3.2286207044e+20, -5.58345565787e+19, 5.48785094877e+19, -1.06785111566e+20, 252.107073685, 33.2177225985, 293.066020201
4.11098525041e+20, 1.11505558168e+20, -1.09640618328e+20, 6.72050616462e+19, 114.173544752, 280.383054504, 583.283006244
5.26639490372e+20, 2.44043348131e+19, -4.09503479613e+19, -1.06958967541e+20, 609.751492413, 57.8845453943, 131.719868293
1.4693267263e+20, -9.57320388463e+19, -5.90045197825e+18, -1.12806856756e+20, 283.295546318, 601.132769048, 267.854093293
6.63232343341e+20, 9.54421110289e+19, 8.22739937313e+19, -2.84020819898e+19, 476.416291712, 427.893931012, 467.897840035
1.56532644243e+20, -3.62989701319e+19, 3.01928347117e+18, 2.95416942506e+19, 325.63064403, 101.362146463, 83.2482206393
8.09123119748e+20, -7.30558741174e+19, -4.83409695218e+18, -2.78598678727e+19, 505.913585941, 463.556337793, 511.189456931
3.8063974723e+20, -1.512977835e+18, -3.37034308148e+19, -7.36521260216e+19, 24.5978538121, 253.313978632, 618.974421835
3.10522896625e+20, 4.45142749168e+19, 7.79980399209e+19, 1.03807522457e+20, 580.948668942, 396.415876708, 226.547158917
7.09073687615e+20, 8.18769721584e+19, -3.62672554627e+19, 1.12418859635e+20, 575.585168583, 592.311402667, 537.269487434
2.05585618338e+20, 7.21024971694e+19, -7.32242533533e+19, -2.79893849845e+18, 367.248478633, 419.187196526, 303.479792028
1.18823839398e+20, -1.19542553699e+20, -5.25325609219e+19, -1.11792544722e+20, 153.271096344, 269.633242513, 511.551855215
3.16411871612e+20, 1.31804865813e+19, -5.59586170212e+19, -2.3743075237e+19, 419.145166459, 596.583021816, 55.8159420686
7.52444275993e+19, 8.43715475064e+19, 1.12200573157e+20, 7.0398644657e+18, 457.740664405, 67.3909417564, 138.941594034
2.12164959309e+20, 6.55435982569e+18, -1.05239377759e+20, 7.09657245265e+19, 277.149424702, 8.2346503049, 225.737194375
2.44402542423e+20, -2.38931088825e+19, 3.93431316874e+18, 5.98916563375e+19, 100.280762302, 296.10748149, 253.783392273
6.68702021953e+20, 1.497264929e+19, -1.14568645746e+20, -4.684501353e+19, 401.090713115, 311.477527402, 307.633813453
4.51352056497e+20, -1.87137321774e+19, -9.53444744447e+19, -1.42169447491e+19, 329.773501613, 122.261718587, 486.090654851
4.70424437075e+20, 8.13569258368e+19, -3.09614586247e+19, 7.88810704401e+19, 290.302639415, 576.18282027, 385.056497772
6.39378367304e+20, -1.06251001569e+20, -7.34826703861e+19, -1.12031151119e+20, 427.91449802, 185.395391005, 194.679029235
5.63267890018e+20, 6.62175001704e+19, -7.60755069267e+19, -1.14110594595e+20, 567.567625702, 591.94985091, 114.424740704
6.94798010563e+20, -8.12258874732e+19, 8.4196740647e+19, -3.37084614416e+19, 257.924057856, 448.42332579, 583.099141184
6.82173791308e+20, 4.27880425398e+19, 3.60886665201e+19, -1.09575260904e+20, 527.75743861, 618.653206343, 142.408122055
4.17510000588e+20, -5.52400799982e+19, -8.44302452976e+19, 4.14087056149e+19, 538.077571574, 3.90263014341, 340.293495729
3.97476337693e+20, 8.95668051673e+19, -5.20704564659e+19, -1.04418437813e+20, 99.7234100014, 11.6267404807, 304.059832238
6.65279988227e+20, 6.58654155891e+19, 2.77565799097e+19, -6.6452551572e+19, 214.053871861, 478.959061853, 560.776180062
2.36370781315e+20, 2.02880460133e+19, 5.46090901619e+19, 1.10482795062e+19, 606.711388995, 402.65985689, 608.16035473
5.83298930189e+20, 9.73506731767e+19, -1.17219945998e+20, -2.87441732786e+18, 239.074944138, 219.033317664, 174.718695018
5.73871491356e+20, 1.12911466305e+20, -8.37185049499e+19, 8.98156043915e+19, 601.698125707, 451.67746671, 379.673572298
1.43482462496e+19, -6.97693679548e+19, -5.73595545773e+19, -6.82082529099e+17, 427.371198909, 411.57745634, 316.420084518
3.90530149427e+20, -7.46560118741e+19, 4.78638159727e+19, -9.54004499527e+19, 452.267209735, 263.094606928, 269.122406279
5.65253082769e+20, 1.81245275149e+19, -6.50339557002e+19, -1.18896311648e+20, 168.350133188, 356.479169515, 34.862298978
7.83249489698e+20, -7.23843912386e+19, -3.47665185731e+19, 9.22286921863e+19, 144.976270151, 68.8326848632, 247.644538809
8.17015640918e+19, -4.47731934993e+19, -1.18009707783e+20, 1.7709738361e+19, 130.889309628, 451.354044452, 266.943501269
6.43446889329e+20, -7.8720694048e+18, 6.59523576748e+19, 5.27328107224e+19, 235.515977877, 123.630675176, 433.547829402
8.89691611588e+19, 9.3839534774e+19, -2.64232210902e+19, 1.04262430418e+20, 114.990445979, 353.60379319, 562.06201833
6.37521940553e+20, -7.18728625334e+19, 6.16690837349e+19, -1.09818951403e+20, 395.534497862, 365.809958647, 341.57754041
4.06655147639e+20, -1.77318426985e+19, -9.50250837623e+19, -3.97842876205e+18, 556.261053578, 450.215299113, 71.3981474034
3.10031537481e+20, -1.10962276985e+20, 8.80514394022e+19, -4.33081624078e+19, 65.0425020672, 87.3354759426, 94.8970692817
2.22232382126e+20, 7.31902406365e+19, 2.38060912838e+19, -2.7414903825e+19, 171.49793818, 568.088622851, 579.14971365
9.15577169832e+19, 1.09145647958e+20, -1.15909140937e+19, 6.24119470913e+19, 420.885500997, 601.696233041, 257.00354095
6.47099903157e+20, -8.25918289045e+19, 1.88436679751e+19, 3.4080229204e+18, 393.01454245, 232.209444318, 139.848015057
4.26931461872e+20, -7.14045970796e+19, -1.17677724627e+20, -1.08836157981e+20, 375.685580848, 78.9467274567, 404.89838298
2.61064970402e+20, -6.32747795944e+19, 8.49388802043e+19, -6.67921261574e+19, 108.275677818, 453.608847466, 43.9887641039
1.10146058466e+20, 1.10862792839e+20, -4.68951184971e+19, -8.88436310304e+19, 246.446829021, 259.01768782, 250.010025304
6.79885890358e+20, 1.08527449763e+20, 1.05340343068e+20, 1.07163235037e+20, 172.18568372, 330.050804211, 557.852687947
2.71109772057e+20, 9.17631357422e+19, 1.02164947367e+20, -3.51250580671e+19, 403.667394849, 322.761702814, 503.129610457
5.31345778884e+20, 1.59793527507e+19, -7.89926209971e+19, 3.40126749846e+19, 74.0733377758, 603.065934043, 454.592428456
2.14641189102e+20, -1.23056455866e+19, -1.08808225693e+19, 1.94246549362e+19, 4.00307602256, 36.9414581376, 413.677985365
1.61839654668e+20, -4.71334231568e+19, -8.5909024412e+19, -4.49692100264e+19, 386.596541886, 537.17228001, 536.367766843
5.55875196571e+20, -2.94795485237e+19, 3.52149955014e+19, -7.11394315977e+19, 564.935908378, 261.055121161, 127.102377799
1.87372161643e+20, 4.50189155162e+19, 4.40255906229e+19, 4.90805846723e+19, 531.796882083, 341.002934472, 44.3746715236
6.2150799147e+20, -8.97291569423e+19, 4.3762713372e+19, 1.12808195777e+20, 459.621499447, 326.323209931, 130.270121765
3.81078580404e+20, 1.16623050123e+20, -2.13087794914e+19, 9.93340669482e+19, 514.500615682, 18.6769181434, 496.353503817
2.25299694889e+20, -5.37063041646e+19, 1.09972482765e+20, 2.50736012715e+19, 50.1991113703, 467.994444377, 337.354544362
8.27906298957e+20, 8.98745181223e+19, -8.79042766319e+19, 3.63858017211e+19, 12.6021235871, 520.198392907, 62.5655565538
4.96109796512e+20, 5.76738614052e+19, 6.70668331084e+19, 1.91198313322e+19, 277.89167173, 458.99530627, 378.303587325
7.65479153906e+20, 3.99732222296e+19, -9.76600275402e+19, -4.08506372075e+19, 603.032928025, 593.43840783, 1.79209574938
6.18183501595e+20, 4.33307927613e+19, -6.79008568139e+19, -9.18485294917e+18, 503.178469999, 396.116355098, 395.823987646
2.51268635561e+20, 1.05247842202e+20, 7.14206497418e+18, 9.39841494161e+19, 347.982135475, 94.2974542181, 141.654487012
6.96774544569e+19, -1.01309577811e+20, 8.48969378928e+19, 2.21305035776e+19, 43.9217510005, 428.44074861, 162.496550004
3.13144124321e+20, -1.14375188313e+20, 1.19892005061e+20, 2.36559730832e+19, 390.306437585, 248.696322042, 61.4125506864
7.62044924765e+20, 1.42681376502e+19, -9.0367017723e+18, -7.4423357205e+19, 530.63811402, 45.8629640773, 603.102571583
5.00250504646e+20, -2.86361447954e+19, -1.02663715424e+19, 8.12144284833e+19, 311.726631748, 393.331241107, 598.820146433
4.53025300733e+20, -7.77428025775e+19, 1.16300288362e+19, 1.14533471816e+20, 215.598589722, 117.56300145, 505.064107976
8.24673688632e+20, -6.18343075233e+19, -1.17829718618e+20, -4.37623113757e+19, 406.2704, 404.663445904, 579.859947203
2.40301847437e+20, -1.17730985344e+20, -7.12568898389e+19, -4.89055235771e+19, 599.922065309, 263.080175621, 479.75616598
3.26042904533e+20, -2.37363593164e+19, 6.92195447262e+19, -1.04148853558e+20, 172.094496141, 545.397120551, 242.220838687
8.52869310366e+20, 4.80633268758e+19, -2.81736650208e+19, -1.85831054916e+19, 28.9461477117, 328.734523205, 369.577815387
4.90822503473e+20, 3.80202863164e+19, 3.96932423865e+19, 9.87649836517e+19, 311.069361895, 178.747319394, 519.844546591
